Caleb," ",Hylan,FT,1989-04-24,F,2020-08-09,5,123456
Tityanna," ",Illingsworth,FT,1962-06-01,F,2017-02-18,3,123456
Burak,Crombie,Christensen,PT,1993-08-14,M,2011-11-19,4,123456
Kaleem,Jacki,Knutson,PT,1964-11-14,M,2013-05-13,2,123456
Rehaan,Suraj,Schickowski,FT,1973-11-26,M,2016-07-04,1,123456
Vida," ",Dinkins,PT,1976-11-26,F,2008-01-31,4,123456
William-John," ",Kassing,FT,1964-10-30,M,2009-04-01,2,123456
Rufina,Nilsa,Mccord,PT,1988-09-22,F,2019-04-06,4,123456
Rola," ",Kaskel,PT,1993-12-31,F,2011-08-11,4,123456
Damien," ",Wagle,FT,1971-03-24,M,2007-10-30,2,123456
Belle," ",Leisinger,FT,2001-07-03,F,2006-07-20,3,123456
Mayumi," ",Vogal,FT,1981-08-17,F,2006-10-14,1,123456
Janera," ",Hesch,FT,1976-08-13,F,2011-12-20,3,123456
Dakota," ",Moore,FT,1989-06-28,M,2012-08-07,1,123456
Gurdeep," ",Cannon,FT,1977-08-21,M,2006-07-14,4,123456
Lorcan,Jackie,LePage,PT,1996-06-02,M,2017-02-26,5,123456
Maison," ",Wagner,PT,1963-01-07,M,2013-04-16,4,123456
Kale,Leondra,Yates,FT,1996-07-07,F,2007-04-15,1,123456
Arden," ",Ingram,PT,1995-10-28,F,2005-06-08,2,123456
Abdul-Rehman,Umer,Davis,FT,1995-10-02,M,2006-02-14,2,123456
Gurardass,Prinay,Cataldi,FT,1994-04-27,M,2012-10-10,1,123456
Kory,Prinay,Ingram,FT,1976-05-10,M,2016-10-19,3,123456
Rashmi," ",Johnson,PT,2001-04-07,F,2009-08-25,2,123456
Tarin," ",Cast,FT,1966-05-03,F,2015-12-31,2,123456
Abhinav,Jensen,Aikin,FT,1968-08-29,M,2019-05-03,1,123456
Adrien," ",Upson,PT,1970-06-17,M,2013-03-08,2,123456
Aydon," ",Sellon,FT,1982-03-28,M,2005-01-11,1,123456
McLay,Kyren,Tisler,PT,1993-11-26,M,2008-10-02,5,123456
Ladawn,Dennise,Wagle,FT,1973-02-12,F,2006-11-13,4,123456
Adegbola," ",Quizoz,PT,1967-12-09,M,2005-03-30,3,123456
Salam,Pantera,Pak,FT,1982-08-10,F,2008-03-04,1,123456
Autym,Anthea,Reardon,PT,1966-04-21,F,2009-05-14,1,123456
Brynley,Damiana,Kalleg,FT,1973-12-10,F,2012-07-24,2,123456
Dyani," ",Mills,PT,1966-10-04,F,2015-07-28,3,123456
Vinay," ",Rice,PT,1996-03-11,M,2009-01-30,4,123456
Nagib,Melville,Davis,PT,1990-07-04,M,2007-03-26,5,123456
Julianne," ",Tisler,FT,1960-09-04,F,2007-02-24,1,123456
Charlsey," ",Yang,FT,1987-02-09,F,2008-05-18,2,123456
Janika," ",Zeller,FT,1963-12-25,F,2008-03-07,2,123456
Callin," ",Schutz,FT,2000-04-15,M,2011-01-28,5,123456
Maros," ",Moore,PT,1974-08-20,M,2014-10-08,1,123456
Najee,Shelley,Illingsworth,PT,2000-10-01,F,2014-02-27,2,123456
Aidee,Estelle,Dinkins,FT,1960-07-22,F,2011-04-02,3,123456
Bezalel,Cavan,Cataldi,PT,1963-11-24,M,2010-06-06,3,123456
Patrina,Amisa,Anderson,FT,1987-03-19,F,2013-03-23,1,123456
Bharath,Kenzy,Norquist,PT,1967-10-23,M,2007-07-29,5,123456
Sari,Holland,Ferry,FT,1974-06-01,F,2007-01-25,5,123456
Dawud,Keayn,Trusela,PT,1997-08-30,M,2011-11-06,2,123456
Alec," ",Trussel,FT,1964-02-02,M,2011-04-13,4,123456
Maaz," ",Schuster,PT,2001-12-08,M,2014-04-30,3,123456
Evan," ",Schiebel,PT,1972-04-01,M,2012-07-17,5,123456
Guthrie," ",Quizoz,FT,1971-12-07,M,2010-11-13,2,123456
Jeremiah," ",Valente,FT,1994-03-26,F,2019-11-25,2,123456
Aliyaan,Theodore,Haworth,FT,1967-05-19,M,2012-10-23,5,123456
Taea,Evalena,Jagtap,FT,1970-06-20,F,2011-08-11,2,123456
Yesmin,Arrington,Schwager,PT,1998-05-01,F,2010-03-21,3,123456
Roen," ",Davis,PT,1974-08-30,M,2014-07-28,5,123456
Kaelum," ",LePage,PT,1993-04-03,M,2018-04-12,4,123456
Albie,Shaun-Thomas,Yocum,FT,1987-06-28,M,2007-06-06,1,123456
Tonya,Ai,Ramachandran,PT,1981-08-23,F,2006-05-10,5,123456
Reegan,Satveer,Bauer,FT,1977-10-27,M,2006-07-29,1,123456
Ryley,Lawrence,Nugent,FT,1999-06-06,M,2009-09-10,5,123456
Reegan," ",Reyes,FT,1961-01-20,M,2014-12-14,2,123456
Belle,Katherine,Ortiz,PT,1981-05-19,F,2019-09-13,2,123456
Zacharie," ",Hancock,FT,1997-08-08,M,2012-11-26,2,123456
Elijah,Heini,Fletcher,PT,1990-02-16,M,2011-02-10,5,123456
Konan,Corey,Napier,PT,2000-12-25,M,2007-08-24,5,123456
Gia,Christianne,Schickowski,FT,1968-02-17,F,2017-08-18,1,123456
Imajae,Tayana,Jones,PT,1965-07-16,F,2013-03-04,3,123456
Declain,Sahbian,Pak,PT,1960-07-11,M,2015-02-06,5,123456
Hishaam," ",Ripka,FT,1975-10-12,M,2017-10-03,1,123456
Reiko,Rylan,Zeaser,FT,1968-05-22,F,2020-09-02,2,123456
Lindley," ",Hesch,FT,1991-12-07,F,2014-03-11,5,123456
Keyli,Perris,DeLorenzo,PT,1989-05-06,F,2010-02-01,3,123456
Emaan,Kalea,Pettigrew,FT,1975-03-13,F,2016-02-07,2,123456
Keyira," ",Christensen,FT,1972-07-22,F,2005-09-11,3,123456
Titana," ",Doran,FT,1962-03-24,F,2012-03-04,4,123456
Nashaya," ",Lawless,FT,1963-09-03,F,2008-12-18,2,123456
Madaki," ",Trusela,PT,1965-02-07,M,2007-06-13,2,123456
Takeisha,Corryn,Schlicht,PT,1982-10-15,F,2013-12-07,3,123456
Vaishali," ",LePage,PT,1997-01-21,F,2005-01-11,5,123456
Chinwe,Maclaine,Weiss,FT,1989-12-31,F,2009-08-22,2,123456
Lennan," ",Casal,FT,1962-12-20,M,2020-04-08,3,123456
Angelisa," ",Roberts,FT,1969-01-31,F,2017-11-28,1,123456
Aarez,Finnlay,Jenson,FT,2000-05-18,M,2012-08-01,3,123456
Farah," ",Bowers,FT,1973-04-20,F,2012-07-31,5,123456
Kingston," ",Frick,FT,1984-04-16,M,2006-10-01,3,123456
Matas,Jaksyn,Bateman,FT,1971-07-12,M,2005-12-08,4,123456
Mason," ",Woo,PT,1981-06-23,F,2008-04-11,3,123456
Adalyn,Adelin,Sandstrom,PT,1965-04-24,F,2011-10-06,1,123456
Jamielyn," ",Keller,PT,1997-08-22,F,2020-04-04,2,123456
Alexya,Ruchi,Eastman,PT,1991-04-28,F,2012-07-05,2,123456
Jon-Paul," ",Reamer,PT,1989-12-29,M,2016-08-08,1,123456
Terin,Valecia,Nugent,FT,1982-11-09,F,2010-05-14,2,123456
Brannan," ",LePage,FT,1983-12-12,M,2005-12-26,3,123456
Caiden-Paul,Geordan,Pettigrew,PT,1984-02-26,M,2010-12-12,2,123456
Aydon," ",Sweeney,PT,1969-03-09,M,2005-05-01,1,123456
Alieu,Ethan,Frick,PT,2001-12-05,M,2011-10-26,3,123456
Anubhav,Valery,Ventotla,PT,1992-07-09,M,2016-07-09,5,123456
Idris," ",Lewis,FT,1995-08-25,M,2012-12-23,4,123456
Michael-Alexander," ",Ventotla,PT,1961-03-07,M,2007-10-12,2,123456
Samaris," ",Rice,PT,1960-05-26,F,2013-10-15,5,123456
Catrice,Najaya,Quizoz,PT,1960-02-14,F,2016-10-08,5,123456
Niurka,Emili,Valente,PT,2001-09-29,F,2019-05-29,3,123456
Benjamin," ",Chambers,PT,1998-08-29,M,2020-06-30,3,123456
Butchi,Orin,Yang,PT,1991-11-01,M,2015-06-20,4,123456
Mendy," ",Jagtap,PT,1995-12-15,F,2005-09-19,2,123456
Conlan," ",Upson,FT,1981-06-27,M,2013-07-12,1,123456
Shelli,Rickie,Johnsen,FT,1962-10-12,F,2006-12-29,3,123456
Keyunna," ",Jurgenson,PT,1961-04-26,F,2006-12-29,1,123456
Caolan," ",Ingram,PT,1996-02-17,M,2014-03-05,2,123456
Shelbey,Aleeah,Schickowski,PT,1965-09-03,F,2014-12-20,3,123456
Payden," ",Ferro,PT,1987-01-12,F,2012-06-07,1,123456
Shaye,Pranav,Reamer,PT,1978-07-09,M,2016-07-16,3,123456
Favour,Abbas,Schuster,PT,1979-05-24,M,2011-05-22,5,123456
Racheal," ",Ory,PT,1961-11-21,F,2010-10-19,4,123456
Abdisalam," ",Ostrander,FT,2002-01-15,M,2015-04-04,3,123456
Keatin,Vinnie,Ulrich,FT,1967-07-24,M,2016-02-21,1,123456
Emmanuel,Alistar,Davidson,FT,1962-08-23,M,2005-01-11,5,123456
Cairn,Copeland,Ory,PT,1983-01-30,M,2013-08-02,5,123456
Sae,Kobi,Mccord,FT,1969-04-18,F,2018-01-24,1,123456
Martin,Cade,Casal,PT,1961-11-25,M,2018-04-20,4,123456
Tjay,Mikhail,Turco,FT,1999-07-26,M,2012-01-09,2,123456
Ege,Leylann,Shaffer,PT,2001-04-13,M,2016-11-11,2,123456
Burgandy,Naia,Casal,FT,1966-03-14,F,2013-02-02,2,123456
Harleigh,Raegan,Davis,PT,1969-01-15,M,2019-11-25,3,123456
Brendyn," ",Valente,PT,1971-08-31,M,2005-10-27,4,123456
Mataya," ",Tandy,FT,2000-07-23,F,2008-09-03,2,123456
Aron,Freddie,Trusela,PT,1960-07-26,M,2017-12-25,1,123456
Nalijah,Aariona,Ulrich,PT,1989-12-08,F,2007-09-21,4,123456
Derron,Jiao,Bongard,FT,1983-09-28,M,2009-11-29,1,123456
Teona," ",Uflan,PT,1966-08-04,F,2016-04-15,4,123456
Anam,Reygan,Ingram,FT,1972-09-03,F,2009-01-14,2,123456
Crislyn,Semhal,Thompson,PT,1977-07-06,F,2013-09-06,5,123456
Benn," ",Nugent,FT,1967-04-26,M,2013-08-07,1,123456
Aneissa,Aryana,Lawicki,PT,1987-03-13,F,2012-09-16,4,123456
Samuela,Dafydd,Weiss,PT,1966-08-17,M,2017-04-10,3,123456
Tye,Santino,Schutz,FT,1971-01-03,M,2016-01-17,4,123456
Talayshia," ",Leisinger,FT,1979-02-24,F,2005-10-02,2,123456
Kealan," ",Quinn,PT,1973-05-14,M,2019-12-02,3,123456
Aman,Kieryn,Frick,FT,1975-10-21,M,2011-11-04,4,123456
Mitchelle," ",Dugan,FT,1982-12-15,F,2013-06-15,3,123456
Jeronimo," ",Trebil,FT,1979-07-11,M,2019-06-12,5,123456
Kyde,Kile,Lulloff,FT,1961-10-12,M,2016-10-17,1,123456
Zakaria," ",Bauer,FT,1991-09-27,M,2010-03-25,1,123456
Melodi," ",Davidson,FT,1975-09-07,F,2008-07-18,5,123456
Ramsay," ",Kaskel,FT,2001-07-15,M,2006-09-14,3,123456
Ramata,Nekia,Uflan,FT,1976-09-11,F,2010-06-14,3,123456
Jolee," ",Roberts,PT,1988-03-20,F,2009-10-07,4,123456
Jenson,Eriz,Bateman,FT,1969-09-24,M,2014-08-08,2,123456
Alfred,Charly,Jenson,FT,2001-11-29,M,2010-10-29,4,123456
Firaaz,Kia,Johnsen,PT,1994-02-11,M,2008-05-25,4,123456
Oisin," ",Darnell,PT,1973-04-22,M,2009-03-04,3,123456
Jude," ",Norquist,PT,1995-09-07,M,2009-04-30,4,123456
Thomas-Jay," ",Quizoz,PT,1980-06-20,M,2018-03-03,3,123456
Lona,Alicyn,Eastman,PT,1964-09-07,F,2005-01-20,5,123456
Harman," ",Schiebel,FT,1984-08-23,M,2010-11-01,2,123456
Varsha,Mallorie,Orwig,FT,1982-03-25,F,2016-10-31,5,123456
Ralph," ",Cannon,PT,1990-03-10,M,2007-08-21,2,123456
Favour,Abdallah,Yang,FT,1987-05-01,M,2018-09-01,2,123456
Niya,Bina,Doran,FT,1988-03-02,F,2008-03-01,2,123456
Davin," ",Schickowski,PT,1962-04-05,F,2018-12-25,3,123456
Reana," ",Dewalt,PT,1960-09-26,F,2018-12-22,4,123456
Miya," ",Wakefield,FT,1990-12-06,F,2009-12-31,1,123456
Urmi," ",Ory,FT,1976-08-20,F,2018-07-11,5,123456
Lennen," ",Davidson,PT,1990-03-12,M,2013-01-12,4,123456
Tyra," ",Bongard,FT,1961-10-27,M,2010-01-16,3,123456
Mekala,Kaziah,Paiser,FT,1973-12-17,F,2020-10-26,1,123456
Viviane," ",Ziegler,FT,1987-12-19,F,2019-11-18,3,123456
Lennen," ",Trebil,FT,1963-09-22,M,2010-10-06,5,123456
Rikki,Shawn,Schickowski,PT,1975-07-28,M,2018-05-22,4,123456
Chamya,Keandrea,Kalleg,FT,1973-07-04,F,2006-12-27,3,123456
Karolyne,Shayanna,Ulrich,FT,1973-02-24,F,2010-02-15,3,123456
Daithi," ",Doran,PT,1964-04-11,M,2011-05-11,1,123456
Brileigh,Krislynn,Ventotla,PT,1978-05-20,F,2012-04-08,3,123456
Damira," ",Tisler,PT,1972-04-22,F,2009-09-13,5,123456
Shahmir,Trai,Frick,FT,1980-12-22,M,2008-06-26,5,123456
Nicoleta," ",Maki,FT,1982-11-04,F,2016-02-22,1,123456
Rheyden," ",Trussel,PT,1998-12-21,M,2012-08-29,1,123456
Smriti," ",Myers,PT,1979-11-08,F,2010-01-13,5,123456
Jayce,Abish,Cast,FT,1965-01-24,F,2011-01-13,2,123456
Chandi,Deepti,Reyes,PT,1974-10-22,F,2012-07-19,1,123456
Klara,Jaleen,Deitz,FT,1988-01-12,F,2019-03-26,2,123456
Denasia," ",Tandy,PT,1998-08-04,F,2016-05-12,1,123456
Aayan," ",Orwig,PT,1961-08-15,M,2012-09-14,3,123456
Enis,Anesu,Schutz,PT,1963-11-21,M,2015-02-25,5,123456
Kaelum," ",Moody,PT,1974-03-17,M,2013-10-16,1,123456
Joli," ",Reamer,PT,1996-08-11,F,2015-04-30,5,123456
Jordyn," ",Vanderpoel,FT,1981-08-06,M,2015-08-05,2,123456
Lenyn," ",Yang,FT,1979-06-18,M,2018-09-28,3,123456
Jakari,Parneet,Bateman,FT,1963-09-23,F,2016-08-08,5,123456
Briseyda," ",Kassing,FT,1988-10-01,F,2010-03-28,2,123456
Keison,Fezaan,Linde,FT,1961-03-18,M,2012-09-25,1,123456
Indiana,Han,Yates,PT,1981-06-05,F,2012-01-13,4,123456
Daeshawna," ",Ferry,PT,1998-10-30,F,2005-12-09,3,123456
Beatrice," ",Illingsworth,PT,1977-10-03,F,2006-08-21,2,123456
Nihaal," ",Ostrander,FT,1960-04-10,M,2018-09-01,5,123456
Breandan,Darrius,Cataldi,PT,1999-06-03,M,2010-12-23,5,123456
Carlos," ",Resnick,FT,1996-12-07,M,2015-01-14,1,123456
Maximus," ",Bongard,FT,1992-09-07,M,2009-08-04,5,123456
Tyler-James," ",Anderson,PT,1984-01-03,M,2017-06-25,3,123456
Janan," ",Frick,FT,1963-07-03,F,2012-06-03,4,123456
Nashyra,Jancy,Reyes,PT,1967-11-26,F,2013-12-11,4,123456
Coray,Ghyll,Hancock,PT,2002-06-25,M,2008-04-11,5,123456
Shanice," ",Ferry,PT,1965-03-14,F,2017-04-15,3,123456
Danella," ",Solberg,PT,1977-09-28,F,2019-07-15,5,123456
Rian," ",Vader,PT,1966-04-04,M,2014-03-18,1,123456
Rico,Nader,Vanderpoel,FT,1991-08-07,M,2014-05-16,2,123456
Hugh,Pierre-Antoine,Doran,PT,1977-07-22,M,2014-05-07,4,123456
Nikolette,Briaja,Ashwoon,PT,1982-05-30,F,2014-06-05,3,123456
Lainey,Sanaya,Reyes,FT,1995-10-28,F,2011-01-26,5,123456
Elibeth,Julien,Ingram,PT,1983-03-02,F,2007-02-02,3,123456
Yusuf,Bailie,Jurgenson,PT,1962-04-08,M,2005-12-07,2,123456
Finnan," ",Sweeney,FT,1966-12-08,M,2007-11-28,1,123456
Rael,Aminta,Schwager,FT,1994-05-28,F,2017-12-19,4,123456
Cayenne," ",Bongard,FT,1981-02-12,F,2014-05-21,2,123456
Kames," ",Upson,FT,1967-10-06,M,2020-01-17,3,123456
Taahirah,Jennavieve,Reamer,FT,1964-08-27,F,2014-04-13,1,123456
Terriona," ",Duffman,FT,1994-03-15,F,2018-02-05,1,123456
Enyah," ",Leisinger,PT,1976-04-08,F,2014-05-22,1,123456
Nichele,Anslee,Quinn,FT,1978-07-07,F,2013-03-20,3,123456
Dorian,Darrie,Ziegler,FT,1985-03-19,M,2008-09-11,4,123456
Sheridyn,Nishi,Zeaser,FT,2000-10-24,F,2018-08-23,4,123456
Meleny,Miley,Ferro,FT,1989-05-06,F,2006-08-03,2,123456
Annalycia," ",DeLorenzo,FT,1961-04-04,F,2005-11-14,3,123456
Ranaa," ",Schutz,FT,1975-07-09,F,2015-03-19,2,123456
Brandan,Roan,Schwager,PT,2001-02-12,M,2010-06-28,4,123456
Jessyka,Eleni,Sagar,PT,1967-09-18,F,2008-08-04,2,123456
Derek,Rajan,Shaffer,FT,1967-04-05,M,2009-04-10,2,123456
Eoghain," ",Woo,PT,1972-09-19,M,2018-01-20,1,123456
Amariya,Zabrina,Ebner,FT,2000-07-29,F,2014-01-16,1,123456
Ruairidh," ",Turco,PT,1983-08-24,M,2016-03-05,3,123456
Analysa,Ladeja,Vogal,FT,1968-02-01,F,2019-10-03,3,123456
Haydan," ",Kassing,PT,2001-02-13,F,2013-03-03,3,123456
Leda," ",Jurgenson,PT,1992-11-12,F,2009-12-05,1,123456
Brailey,Lulu,DeLorenzo,FT,1983-08-25,F,2019-02-19,5,123456
Tyshae,Damarys,Cast,PT,1978-11-11,F,2010-05-03,5,123456
Rehaan," ",Ramachandran,FT,2002-02-05,M,2019-09-11,4,123456
Mikahla,Dashanique,Cannon,PT,1976-12-22,F,2008-12-30,2,123456
Curtis,Wylie,Leisinger,FT,1997-12-19,M,2008-10-10,2,123456
Marykate," ",Ferry,PT,1969-07-10,F,2007-07-08,3,123456
Pearse,Mario,Uflan,PT,1983-09-28,M,2006-03-28,5,123456
Andreas," ",Schlicht,PT,1964-05-08,M,2020-05-18,3,123456
Dakota," ",Yang,FT,1984-06-28,M,2011-09-27,4,123456
Andrew,Rihab,Quinn,PT,1997-02-03,M,2014-08-19,5,123456
Tyler-Jay,Oskar,Nelson,PT,1965-07-05,M,2019-10-31,2,123456
Kathryne,Peighton,Schwager,PT,1964-10-10,F,2006-06-21,2,123456
Aisha," ",Bauer,PT,1996-09-09,F,2008-11-01,3,123456
Kahealani," ",Rogers,FT,1964-11-23,F,2010-07-10,4,123456
Oluwadamiloju," ",Soukup,PT,1988-12-26,M,2016-12-12,4,123456
Avi," ",Aikin,FT,1980-04-01,M,2013-04-08,1,123456
Sarai," ",Shaffer,PT,1996-11-14,F,2014-05-05,3,123456
Jules," ",Moody,FT,1976-02-28,M,2015-01-18,4,123456
Shanaia,Aaliah,Vader,FT,1979-08-26,F,2007-07-06,5,123456
Cooper," ",Ingram,PT,1976-06-06,F,2018-05-30,3,123456
Devin,Omri,Pettigrew,FT,1981-07-10,M,2012-03-05,2,123456
Scarlet," ",Frick,PT,1970-07-29,F,2010-06-30,1,123456
Keonni," ",Wagner,PT,1972-11-22,F,2012-12-06,4,123456
Leara,Damiyah,Quinn,FT,1997-10-08,F,2012-03-25,3,123456
Tom," ",Trebil,PT,1969-03-26,M,2008-11-10,3,123456
Donnae,Shaianna,Paiser,FT,1970-06-25,F,2014-05-24,2,123456
Neylan,Meeghan,Eastman,FT,1979-02-16,F,2013-04-10,1,123456
Anhthu,Evelia,Jones,PT,1994-04-07,F,2013-10-27,3,123456
Jay," ",Fietzer,PT,1966-09-18,M,2009-02-16,4,123456
Lachlan,Aidy,Norquist,PT,1991-02-05,M,2017-03-09,5,123456
Manal,Remington,Soulis,FT,1974-05-15,F,2010-01-30,5,123456
Donnacha," ",Rogers,PT,1983-04-19,M,2005-07-30,4,123456
Richie," ",Doran,FT,2002-04-25,M,2009-10-06,5,123456
Areez," ",Sagar,FT,1976-03-08,M,2005-11-10,3,123456
Haydan,Sina,McCormack,FT,1971-03-26,F,2018-12-16,1,123456
Anuja," ",Nuttle,PT,1977-07-19,F,2019-06-10,4,123456
Kesley,Karolina,Bauer,PT,1981-10-07,F,2017-06-03,1,123456
Kendrea," ",Severson,PT,1988-08-29,F,2020-10-13,1,123456
Millicent,Graciana,Ostrander,PT,1980-11-24,F,2013-11-05,3,123456
Takoda,Annah,Soulis,PT,1988-08-18,F,2013-12-08,4,123456
Rebeccah,Hermila,Bongard,PT,1988-02-11,F,2006-10-23,2,123456
Pardeepraj," ",Stahl,FT,1970-05-17,M,2007-01-31,4,123456
Jakeira,Cruz,Jenson,PT,1982-01-10,F,2020-05-31,4,123456
Jasper," ",Leisinger,FT,1974-09-14,M,2018-03-01,2,123456
Juri," ",Ferry,PT,1979-12-16,F,2019-09-08,1,123456
Harris," ",Johnsen,PT,1988-03-11,M,2011-03-30,1,123456
Markus,Colin,Boyd,PT,1989-02-24,M,2010-01-31,3,123456
Vanita,Disha,Schlicht,PT,1976-03-13,F,2014-06-06,2,123456
Ebow,Seb,Ripka,FT,1970-03-23,M,2012-01-21,5,123456
Areeb," ",Yocum,PT,1998-08-19,M,2007-02-04,2,123456
Dane,Jonatan,Johnsen,PT,1963-04-25,M,2010-04-26,4,123456
Mathew,Che,Quizoz,FT,1963-09-25,M,2008-12-13,5,123456
Emmaly,Lamiya,Olson,PT,1960-07-25,F,2017-02-19,1,123456
Vanna," ",Trussel,PT,1998-07-29,F,2012-05-02,4,123456
Craig-James," ",Knutson,PT,1999-11-29,M,2018-02-08,3,123456
Leydon,Malikye,Vail,PT,1993-11-22,M,2012-10-21,5,123456
Bela," ",Cast,FT,1963-06-16,F,2020-12-15,1,123456
Ilyaas,Aulay,Martin,PT,1961-04-15,M,2007-05-23,1,123456
Maximilian,Riach,Boyd,FT,1961-04-07,M,2019-08-27,5,123456
Tymon,Mikee,Trussel,PT,1969-07-04,M,2013-12-19,1,123456
Darn," ",Schlicht,FT,2001-12-23,M,2009-04-07,5,123456
Rossi,Rhett,Kaskel,FT,2000-01-25,M,2020-01-30,5,123456
Sonique," ",Tisler,FT,1998-02-21,F,2014-02-23,5,123456
Jamara,Toniesha,Stahl,PT,1989-01-30,F,2017-10-22,4,123456
Broghan,Flint,Fietzer,PT,1979-12-10,M,2019-06-02,1,123456
Keamber," ",Resnick,PT,1984-01-06,F,2019-08-30,4,123456
Alfie," ",Ebner,FT,1994-02-10,M,2008-05-19,1,123456
Timothy,Schuylar,Trebil,FT,1964-08-28,F,2016-05-24,1,123456
Harleigh," ",Yang,PT,1990-02-15,M,2015-07-25,5,123456
Tyler," ",Trusela,PT,1961-10-05,F,2008-08-16,4,123456
Josilyn,Kamilla,Ebner,PT,1960-02-24,F,2011-06-28,1,123456
Arali,Lacole,McCormack,PT,1984-12-28,F,2015-05-29,4,123456
Tyrone,Terry,Trusela,FT,1974-03-31,M,2018-07-19,5,123456
Terah," ",Stahl,FT,1977-10-03,F,2012-10-22,1,123456
Angeli,Lucie,Linde,PT,1994-05-05,F,2014-07-19,5,123456
Joel,Ceirin,Zeaser,FT,1982-02-02,M,2005-07-01,2,123456
Malvika," ",Wakefield,FT,1965-04-22,F,2016-08-12,2,123456
Letisha,Leeasia,Wagle,FT,1979-02-19,F,2008-12-21,3,123456
Chany," ",Vader,FT,1987-03-26,F,2009-06-25,1,123456
Darragh," ",Ferry,FT,1973-07-30,M,2006-10-15,4,123456
Fiona,Catilyn,Soulis,FT,1989-01-30,F,2010-05-19,2,123456
Ma'moon,Tammam,McCormack,FT,1967-10-20,M,2012-01-17,5,123456
Kyren," ",Tandy,FT,2001-07-21,M,2018-05-28,3,123456
Eisa," ",Severson,FT,1987-10-24,M,2015-05-06,1,123456
Tonia,Briahnna,Martin,PT,1979-06-06,F,2007-11-30,3,123456
Jayden," ",Olson,FT,1989-07-18,F,2007-01-02,3,123456
Hazel," ",Zeaser,PT,1961-06-05,F,2019-05-17,4,123456
Mirna,Mirta,Stahl,PT,1990-05-17,F,2006-06-19,4,123456
Teairah," ",Tisler,FT,1988-10-11,F,2013-11-06,1,123456
Astra," ",Davidson,FT,1975-03-28,F,2007-03-24,2,123456
Owyn,Sergei,Kassing,FT,1973-10-26,M,2016-05-14,2,123456
Masie," ",Haworth,FT,1968-05-28,F,2016-04-07,1,123456
Rylee,Kaiwen,Resnick,PT,1996-09-13,M,2019-07-23,1,123456
Ashantee," ",Nuttle,FT,1985-01-28,F,2015-01-02,5,123456
Conli,Teo,Irwin,PT,1989-11-15,M,2018-08-15,2,123456
Mekaila," ",Uddin,FT,1988-04-13,F,2014-07-18,3,123456
Caden,Ze,Reamer,FT,1981-12-23,M,2014-07-29,1,123456
Airidas," ",Trebil,FT,1999-12-14,M,2006-03-26,1,123456
Zakariya,Cael,Christensen,PT,1967-09-22,M,2020-12-27,2,123456
Ahava," ",Reardon,PT,1971-04-02,F,2007-08-26,3,123456
Cyrus," ",Dinkins,FT,1993-04-16,M,2018-07-19,4,123456
Ceiron,Keivlin,Myers,PT,1969-08-22,M,2012-07-05,1,123456
Asrar," ",Yang,PT,1985-03-03,M,2018-03-03,1,123456
Jozlynn," ",Schutz,PT,2001-07-22,F,2020-05-16,2,123456
Louis," ",Vader,PT,1986-11-26,M,2011-10-23,4,123456
Janita,Datavia,Olson,PT,1995-05-18,F,2005-08-08,3,123456
Lisabeth,Elise,Haworth,PT,2000-10-05,F,2008-08-14,2,123456
Montaya," ",Dewalt,PT,1988-08-15,F,2016-09-02,3,123456
Breasia," ",Ventotla,FT,1966-12-14,F,2010-09-11,1,123456
Butchi," ",Illingsworth,FT,1981-03-05,M,2015-03-20,5,123456
Qirui,Dhyia,Darnell,PT,1977-03-05,M,2017-11-21,1,123456
Lauchlin,Phani,Tapia,PT,1995-01-29,M,2006-09-27,2,123456
Lyrik,Cricket,Schickowski,PT,1971-08-06,F,2009-02-12,4,123456
Vivianne," ",Davidson,FT,1984-06-01,F,2013-05-20,2,123456
Alishan," ",Quizoz,FT,2001-04-07,M,2006-02-04,4,123456
Shawanda," ",Root,FT,1990-02-26,F,2009-04-11,4,123456
Sanjna," ",Eastman,FT,2002-05-10,F,2010-04-21,5,123456
Koddi," ",Reardon,FT,1988-04-03,M,2020-11-19,3,123456
Bartlomiej," ",Sandstrom,PT,2001-01-21,M,2008-11-24,5,123456
Nawfal," ",Orwig,FT,1966-10-18,M,2012-10-08,3,123456
Sharona," ",Bateman,FT,2000-02-15,F,2010-11-07,3,123456
Kasey," ",Dugan,FT,1968-12-15,M,2015-05-08,3,123456
Raynah," ",Valente,PT,1994-08-05,F,2020-12-17,3,123456
Pieter," ",Lewis,PT,1983-09-08,M,2012-03-15,1,123456
Dakiya," ",Chambers,FT,1964-05-21,F,2020-08-27,3,123456
Dee," ",Davis,PT,1999-01-03,F,2013-07-26,5,123456
Anabel,Nyesha,Hydinger,PT,1996-10-15,F,2013-05-06,4,123456
Elasha,Larin,Ventotla,PT,1987-05-08,F,2007-06-17,1,123456
Magdiel," ",Anderson,PT,1961-11-16,F,2010-07-07,2,123456
Rioden," ",Sweeney,PT,1974-07-19,M,2010-03-01,5,123456
Daryn," ",Zeaser,PT,2001-12-19,M,2011-02-09,4,123456
Richie," ",Sweeney,PT,1984-03-10,M,2019-07-19,4,123456
Vallery,Jesslynn,Reyes,PT,1991-04-02,F,2014-03-22,5,123456
Telicia,Jennylee,DeLorenzo,PT,1982-05-14,F,2018-06-15,2,123456
Marva," ",Wagle,PT,1974-09-04,F,2020-05-26,1,123456
Jalen,Tenia,Paiser,PT,1969-04-25,F,2013-11-15,5,123456
Travis," ",Hesch,PT,1980-09-22,M,2011-03-15,2,123456
Edwin,Mayeul,Haworth,PT,1960-01-23,M,2005-01-10,4,123456
Murry," ",Vanderpoel,PT,1995-07-24,M,2016-10-23,4,123456
Nicolemarie,Briley,Boyd,PT,1971-03-03,F,2013-03-10,2,123456
Lucus," ",Chapman,PT,1969-08-16,M,2019-07-23,1,123456
Bony,Ayrton,Rice,PT,1979-01-19,M,2016-12-02,1,123456
Krystal," ",Leisinger,PT,2000-03-02,F,2005-07-18,1,123456
Davianna,Alancia,Solberg,FT,1964-06-13,F,2015-04-19,4,123456
Heddle,Damien,Ostrander,FT,1984-12-28,M,2014-12-11,3,123456
Moray,Nikita,Solberg,PT,1986-11-12,M,2010-08-05,1,123456
Jason," ",Frick,FT,1974-05-19,M,2012-03-13,1,123456
Jaidyn,Callan,Valente,PT,1984-01-15,M,2015-09-16,4,123456
Szymon," ",Ulrich,PT,1998-02-11,M,2008-07-14,3,123456
Hajira," ",Trussel,FT,1975-12-28,F,2010-02-24,4,123456
Bleu,Kyler,Kaskel,FT,1963-07-18,F,2011-03-13,2,123456
Ayan," ",Ferro,PT,1963-09-12,M,2016-04-01,3,123456
Bethanne," ",Reardon,FT,1975-03-31,F,2015-11-05,1,123456
Bailley,Cherese,Sonderling,FT,1981-12-14,F,2009-01-11,3,123456
Loghan," ",Illingsworth,PT,2002-02-10,M,2013-08-26,1,123456
Rayshell,Saira,Uflan,PT,1962-12-01,F,2017-07-23,3,123456
Elisia,Blakelee,Schwager,FT,2002-04-17,F,2018-05-07,5,123456
Aleysia,Tanajia,Resnick,FT,1970-03-09,F,2009-09-06,2,123456
Kayleb," ",Irwin,FT,1993-10-15,M,2015-09-02,4,123456
Skyla,Lanessa,Dugelman,PT,1990-04-20,F,2019-12-02,4,123456
Alayzia,Hadas,Darnell,FT,1995-08-23,F,2007-09-30,1,123456
Rucha," ",Deitz,PT,2002-08-27,F,2018-01-25,1,123456
Henry,Marcous,Schutz,PT,1989-06-02,M,2013-02-22,3,123456
Derek,Jaydyn,Moody,PT,1979-07-17,M,2019-12-27,2,123456
Najah," ",Yang,FT,1987-01-08,F,2008-12-17,5,123456
